1. 下面的SQL语句返回某个数据库表的单个列。但请看其输出，并没有特定的顺序。

   ```sql
   mysql> select prod_name from products;
   +----------------+
   | prod_name      |
   +----------------+
   | .5 ton anvil   |
   | 1 ton anvil    |
   | 2 ton anvil    |
   | Detonator      |
   | Bird seed      |
   | Carrots        |
   | Fuses          |
   | JetPack 1000   |
   | JetPack 2000   |
   | Oil can        |
   | Safe           |
   | Sling          |
   | TNT (1 stick)  |
   | TNT (5 sticks) |
   +----------------+
   ```



2. 为了明确地排序用SELECT语句检索出的数据，可使用ORDER BY子句。ORDERBY子句取一个或多个列的名字，据此对输出进行排序。请看下面的例子：

   ```sql
   mysql> select prod_name from products order by prod_name;
   +----------------+
   | prod_name      |
   +----------------+
   | .5 ton anvil   |
   | 1 ton anvil    |
   | 2 ton anvil    |
   | Bird seed      |
   | Carrots        |
   | Detonator      |
   | Fuses          |
   | JetPack 1000   |
   | JetPack 2000   |
   | Oil can        |
   | Safe           |
   | Sling          |
   | TNT (1 stick)  |
   | TNT (5 sticks) |
   +----------------+
   14 rows in set
   ```

3. 下面的代码检索3个列，并按其中两个列对结果进行排序——首先按价格，然后按名称排序。

   ```sql
   mysql> select prod_id,prod_price,prod_name from products
   ;
   +---------+------------+----------------+
   | prod_id | prod_price | prod_name      |
   +---------+------------+----------------+
   | ANV01   | 5.99       | .5 ton anvil   |
   | ANV02   | 9.99       | 1 ton anvil    |
   | ANV03   | 14.99      | 2 ton anvil    |
   | DTNTR   | 13         | Detonator      |
   | FB      | 10         | Bird seed      |
   | FC      | 2.5        | Carrots        |
   | FU1     | 3.42       | Fuses          |
   | JP1000  | 35         | JetPack 1000   |
   | JP2000  | 55         | JetPack 2000   |
   | OL1     | 8.99       | Oil can        |
   | SAFE    | 50         | Safe           |
   | SLING   | 4.49       | Sling          |
   | TNT1    | 2.5        | TNT (1 stick)  |
   | TNT2    | 10         | TNT (5 sticks) |
   +---------+------------+----------------+
   14 rows in set
   ```

   ```sql
   mysql> select prod_id,prod_price,prod_name from products order by prod_price,prod_name
    desc;
   +---------+------------+----------------+
   | prod_id | prod_price | prod_name      |
   +---------+------------+----------------+
   | TNT1    | 2.5        | TNT (1 stick)  |
   | FC      | 2.5        | Carrots        |
   | FU1     | 3.42       | Fuses          |
   | SLING   | 4.49       | Sling          |
   | ANV01   | 5.99       | .5 ton anvil   |
   | OL1     | 8.99       | Oil can        |
   | ANV02   | 9.99       | 1 ton anvil    |
   | TNT2    | 10         | TNT (5 sticks) |
   | FB      | 10         | Bird seed      |
   | DTNTR   | 13         | Detonator      |
   | ANV03   | 14.99      | 2 ton anvil    |
   | JP1000  | 35         | JetPack 1000   |
   | SAFE    | 50         | Safe           |
   | JP2000  | 55         | JetPack 2000   |
   +---------+------------+----------------+
   14 rows in set
   mysql> 
   ```

4. 除了能用列名指出排序顺序外，ORDER BY还支持按相对列位置进行排序。为理解这一内容，我们来看个例子：

   ```sql
   mysql> select prod_id,prod_price,prod_name from products order by 2,3;
   +---------+------------+----------------+
   | prod_id | prod_price | prod_name      |
   +---------+------------+----------------+
   | FC      | 2.5        | Carrots        |
   | TNT1    | 2.5        | TNT (1 stick)  |
   | FU1     | 3.42       | Fuses          |
   | SLING   | 4.49       | Sling          |
   | ANV01   | 5.99       | .5 ton anvil   |
   | OL1     | 8.99       | Oil can        |
   | ANV02   | 9.99       | 1 ton anvil    |
   | FB      | 10         | Bird seed      |
   | TNT2    | 10         | TNT (5 sticks) |
   | DTNTR   | 13         | Detonator      |
   | ANV03   | 14.99      | 2 ton anvil    |
   | JP1000  | 35         | JetPack 1000   |
   | SAFE    | 50         | Safe           |
   | JP2000  | 55         | JetPack 2000   |
   +---------+------------+----------------+
   14 rows in set
   
   ORDER BY 2表示按SELECT清单中的第二个列prod_price进行排序。ORDER BY 2, 3表示先按prod_price，再按prod_name进行排序。
   ```

## 指定排序的方向

5. 数据排序不限于升序排序（从A到Z），这只是默认的排序顺序。还可以使用ORDER BY子句进行降序（从Z到A）排序。为了进行降序排序，必须指定DESC关键字。下面的例子以价格降序来排序产品（最贵的排在最前面）：

   ```sql
   mysql> select prod_id,prod_price,prod_name from products order by prod_price desc;
   +---------+------------+----------------+
   | prod_id | prod_price | prod_name      |
   +---------+------------+----------------+
   | JP2000  | 55         | JetPack 2000   |
   | SAFE    | 50         | Safe           |
   | JP1000  | 35         | JetPack 1000   |
   | ANV03   | 14.99      | 2 ton anvil    |
   | DTNTR   | 13         | Detonator      |
   | FB      | 10         | Bird seed      |
   | TNT2    | 10         | TNT (5 sticks) |
   | ANV02   | 9.99       | 1 ton anvil    |
   | OL1     | 8.99       | Oil can        |
   | ANV01   | 5.99       | .5 ton anvil   |
   | SLING   | 4.49       | Sling          |
   | FU1     | 3.42       | Fuses          |
   | FC      | 2.5        | Carrots        |
   | TNT1    | 2.5        | TNT (1 stick)  |
   +---------+------------+----------------+
   14 rows in set
   ```

6. 如果打算用多个列排序，该怎么办？下面的例子以降序排序产品（最贵的在最前面），再加上产品名：

   ```sql
   mysql> select prod_id,prod_price,prod_name from products order by prod_price desc,prod_name
   ;
   +---------+------------+----------------+
   | prod_id | prod_price | prod_name      |
   +---------+------------+----------------+
   | JP2000  | 55         | JetPack 2000   |
   | SAFE    | 50         | Safe           |
   | JP1000  | 35         | JetPack 1000   |
   | ANV03   | 14.99      | 2 ton anvil    |
   | DTNTR   | 13         | Detonator      |
   | FB      | 10         | Bird seed      |
   | TNT2    | 10         | TNT (5 sticks) |
   | ANV02   | 9.99       | 1 ton anvil    |
   | OL1     | 8.99       | Oil can        |
   | ANV01   | 5.99       | .5 ton anvil   |
   | SLING   | 4.49       | Sling          |
   | FU1     | 3.42       | Fuses          |
   | FC      | 2.5        | Carrots        |
   | TNT1    | 2.5        | TNT (1 stick)  |
   +---------+------------+----------------+
   14 rows in set
   mysql> 
   ```

   



































