[TOC]



# 第4课 过滤数据

```sql
mysql> SELECT prod_name, prod_price FROM Products WHERE prod_price = 10;
+----------------+------------+
| prod_name      | prod_price |
+----------------+------------+
| Bird seed      | 10         |
| TNT (5 sticks) | 10         |
+----------------+------------+
2 rows in set
mysql> 
```

## 列出所有价格小于 10 美元的产品。

```sql
mysql> SELECT prod_name, prod_price FROM Products WHERE prod_price < 10;
+---------------+------------+
| prod_name     | prod_price |
+---------------+------------+
| .5 ton anvil  | 5.99       |
| 1 ton anvil   | 9.99       |
| Carrots       | 2.5        |
| Fuses         | 3.42       |
| Oil can       | 8.99       |
| Sling         | 4.49       |
| TNT (1 stick) | 2.5        |
+---------------+------------+
7 rows in set

mysql> SELECT prod_name, prod_price FROM Products WHERE prod_price <= 10;
+----------------+------------+
| prod_name      | prod_price |
+----------------+------------+
| .5 ton anvil   | 5.99       |
| 1 ton anvil    | 9.99       |
| Bird seed      | 10         |
| Carrots        | 2.5        |
| Fuses          | 3.42       |
| Oil can        | 8.99       |
| Sling          | 4.49       |
| TNT (1 stick)  | 2.5        |
| TNT (5 sticks) | 10         |
+----------------+------------+
9 rows in set
mysql> 
```

## 不匹配检查

## 列出所有不是供应商 DLL01 制造的产品：

```sql
mysql> select vend_id, prod_name FROM Products WHERE vend_id <> 'DLL01';
+---------+----------------+
| vend_id | prod_name      |
+---------+----------------+
|    1001 | .5 ton anvil   |
|    1001 | 1 ton anvil    |
|    1001 | 2 ton anvil    |
|    1003 | Detonator      |
|    1003 | Bird seed      |
|    1003 | Carrots        |
|    1002 | Fuses          |
|    1005 | JetPack 1000   |
|    1005 | JetPack 2000   |
|    1002 | Oil can        |
|    1003 | Safe           |
|    1003 | Sling          |
|    1003 | TNT (1 stick)  |
|    1003 | TNT (5 sticks) |
+---------+----------------+
14 rows in set
mysql> 

mysql> select vend_id, prod_name FROM Products WHERE vend_id != 'DLL01';
+---------+----------------+
| vend_id | prod_name      |
+---------+----------------+
|    1001 | .5 ton anvil   |
|    1001 | 1 ton anvil    |
|    1001 | 2 ton anvil    |
|    1003 | Detonator      |
|    1003 | Bird seed      |
|    1003 | Carrots        |
|    1002 | Fuses          |
|    1005 | JetPack 1000   |
|    1005 | JetPack 2000   |
|    1002 | Oil can        |
|    1003 | Safe           |
|    1003 | Sling          |
|    1003 | TNT (1 stick)  |
|    1003 | TNT (5 sticks) |
+---------+----------------+
14 rows in set
mysql> 
注意：是!=还是<>？
!=和<>通常可以互换。但是，并非所有 DBMS 都支持这两种不等于操作符。例如，Microsoft Access 支持<>而不支持!=。
```



## 检索价格在 5 美元和 10 美元之间的所有产品。

```sql
mysql> SELECT prod_name, prod_price FROM Products WHERE prod_price between 5 and 10;
+----------------+------------+
| prod_name      | prod_price |
+----------------+------------+
| .5 ton anvil   | 5.99       |
| 1 ton anvil    | 9.99       |
| Bird seed      | 10         |
| Oil can        | 8.99       |
| TNT (5 sticks) | 10         |
+----------------+------------+
5 rows in set
mysql> 
```

































